{"cameraMode":{"drawMode":0,"name":"Shaded","section":"Shading Mode"},"sceneLighting":true,"audioPlay":false,"sceneViewState":{"m_AlwaysRefresh":false,"showFog":true,"showSkybox":true,"showFlares":true,"showImageEffects":true,"showParticleSystems":true,"showVisualEffectGraphs":true,"m_FxEnabled":true},"in2DMode":false,"pivot":{"x":8.538280487060547,"y":-0.506438136100769,"z":-29.704965591430665},"rotation":{"x":0.05481906235218048,"y":-0.04342113062739372,"z":0.00238083116710186,"w":0.9975551962852478},"size":6.469709396362305,"orthographic":true}