{"cameraMode":{"drawMode":0,"name":"Shaded","section":"Shading Mode"},"sceneLighting":true,"audioPlay":false,"sceneViewState":{"m_AlwaysRefresh":false,"showFog":true,"showSkybox":true,"showFlares":true,"showImageEffects":true,"showParticleSystems":true,"showVisualEffectGraphs":true,"m_FxEnabled":true},"in2DMode":false,"pivot":{"x":2.0918922424316408,"y":0.8964360952377319,"z":-6.116116523742676},"rotation":{"x":0.05360967665910721,"y":-0.9099327921867371,"z":0.12442304939031601,"w":0.39202335476875307},"size":0.21608836948871613,"orthographic":true}